Seq_ID,Sequences,Prediction,Confidence
Seq953|0,GGMMGPQLGFMGPQA,Negative,46.43%
Seq1112|1,ITDDFPIPTNKIG,Positive,82.43%
Seq983|1,DQKNNNHEFDLIN,Positive,94.91%
Seq166|0,AVVFDKETMDKLLSE,Positive,65.44%
Seq581|0,AITTRTRETNETGDS,Negative,48.58%
Seq203|0,IPLIGVRMNDTKSTV,Negative,47.6%
Seq735|1,NYQQSNGFKPQPLD,Positive,89.28%
Seq16|0,VIAKAESAAQRYLQT,Negative,51.98%
Seq800|0,KKAKKERKKATEE,Positive,80.47%
Seq79|0,ATREGWVYHFEQSNS,Negative,49.65%
Seq377|1,PSTLQTPGSSSGASL,Negative,58.69%
Seq716|1,LNGNGNEVVKNDK,Positive,94.44%
Seq269|1,PWTAALEPAAEKN,Positive,78.28%
Seq288|0,ADFSWAVRLDRRVPQ,Negative,89.99%
Seq77|0,ISLYRSPGAQNDPMW,Negative,50.45%
Seq1113|1,ENIKEVKEQGSKNNN,Positive,92.98%
Seq1143|1,ISNNFELFDNLLN,Positive,90.9%
Seq206|1,DHYGFDEKTLGPF,Positive,80.78%
Seq233|0,VRFLDMTRLSVAAVV,Negative,86.62%
Seq869|0,EKMKETAENFLGRKV,Positive,63.43%
Seq386|0,KFYCFLTGFIMFSTF,Negative,79.36%
Seq175|0,LSSSGPVESVGRTPT,Negative,67.56%
Seq756|1,TSKGTASTTNIRHIW,Positive,60.17%
Seq417|0,AAKAPAPKAEKKGAA,Positive,78.92%
Seq926|1,SNEDKANTSGENELS,Positive,87.95%
Seq257|1,DEEDKDDDVKDEEEE,Positive,83.78%
Seq478|0,AMMPECDCRTIPLMQ,Negative,67.11%
Seq552|1,KNTNQNLKISKNNTT,Positive,90.48%
Seq228|0,DPQTKGIEPTTDARQ,Negative,40.9%
Seq84|0,SGVGEKSPTGLPESG,Positive,61.93%
Seq406|1,VGKNGTYLDDNGH,Positive,91.65%
Seq1021|0,GVISSGSSAFPPAPP,Negative,64.92%
Seq311|0,FLSVACCHSCCQPKP,Negative,75.69%
Seq932|0,LSVFNAILTLGCTLY,Negative,70.06%
Seq7|0,AKATAAAEKAAETAA,Positive,64.3%
Seq437|0,TSPPESPIRAEGQAE,Negative,50.42%
Seq804|0,GVLLYAQFYLSVHSL,Negative,92.49%
Seq776|1,GTMSEPYTTEEYL,Positive,78.6%
Seq25|0,VVYNSGVITLYMQHI,Negative,62.14%
Seq683|0,ACVKYGTVGGKTNYV,Negative,43.26%
Seq725|0,NRQYNTQKDFKGEYV,Positive,86.33%
Seq544|1,YDQREPQAWCRPNENQSWT,Positive,67.53%
Seq93|1,ASEIPNDPIEQKR,Positive,84.31%
Seq325|1,GTNDINGTNGSI,Positive,93.25%
Seq129|1,KVTVSNSATETEDIK,Positive,72.52%
Seq1073|0,APTTRFGTSNRTVGP,Negative,51.82%
Seq657|0,DEFRQLLPRYLSFVR,Negative,90.32%
Seq1124|1,LQFNSKSDGANEASI,Positive,82.5%
Seq783|0,GGVKAVVAFEPPRIP,Negative,60.82%
Seq559|1,NMDNIYNVNNNDNNN,Positive,96.71%
Seq873|0,EFRRNGLSEDSCANV,Positive,67.81%
Seq179|0,MNHLCMHASANVGKQ,Negative,43.28%
Seq282|0,ANESFVAVDGKNSKQ,Positive,64.61%
Seq711|0,FVWEDLLPGSAVASA,Negative,53.06%
Seq589|1,DVGEKKDEEQEKKEE,Positive,62.5%
Seq430|0,DSWDAVSDKEKDRKY,Positive,74.78%
Seq936|0,TWHSQNLETFRQRQP,Negative,50.07%
Seq506|1,LDFPSEHSKRSFLKL,Negative,59.0%
Seq1034|1,DYEVQNYLYLLIFQR,Negative,49.7%
Seq1134|0,AVRTMRQQLERLKRE,Negative,74.9%
Seq1003|1,RSGYVTDASSATWQ,Positive,67.2%
Seq1126|1,EDDTIDPDDLLNATK,Positive,68.65%
Seq294|0,ATSSTSTSGSGDHVQ,Negative,58.34%
Seq261|1,YTSGGTSSPSYTDEY,Positive,76.07%
Seq843|1,FECGNDKIIGNSDKY,Positive,88.99%
Seq433|1,SEKSSVREFEVK,Positive,74.34%
Seq182|1,PYVGTEQKCKWQE,Positive,77.18%
Seq154|0,GGMRSSNVPMHGPGG,Negative,60.16%
Seq461|1,RDPTDEHSDFLTMGS,Negative,45.16%
Seq130|0,AETGAKIIIRGKG,Positive,72.81%
Seq1094|1,TTFDSRNQSRSFLS,Positive,74.87%
Seq32|1,TNGLNHLADLTD,Positive,90.71%
Seq242|0,DRIKINKQPSGIGEP,Positive,80.08%
Seq274|1,NSYVNVLYFRKLKLN,Positive,70.25%
Seq907|1,KNTFSIINAPYDKVV,Positive,65.23%
Seq64|1,ILTFFFHDVEDEHIE,Positive,61.04%
Seq585|0,AWQRYEQQGRRAEGH,Negative,75.5%
Seq762|1,NRPTTQEMNAFPELE,Positive,67.57%
Seq990|1,DFQAETNEGFIS,Positive,89.31%
Seq884|1,VIGPNGTAGIFS,Positive,75.63%
Seq474|0,EKKSTAPSFSAGEGS,Negative,42.0%
Seq678|0,DLDITAFTNISTKVT,Positive,68.35%
Seq825|1,TNTLLQNKKENILLN,Positive,86.09%
Seq1024|0,ASNRVDDESLCLSAD,Negative,40.46%
Seq712|0,FIQEALQRESVTKKK,Negative,46.71%
Seq73|1,RDDPHKVTPSDM,Positive,80.88%
Seq767|0,EPFLLGTLRSRSTGI,Negative,72.94%
Seq463|0,AAPAGEGNQSASPQA,Negative,41.23%
Seq319|0,DEMSKYISGVIM,Positive,71.57%
Seq443|1,AAVDADTAALAALLE,Negative,75.69%
Seq703|1,NGQIIGSFNGNYAGD,Positive,89.43%
Seq663|1,VMNESGRVGNCDAAK,Positive,64.24%
Seq795|0,ASTGGGELADRSSHT,Negative,69.49%
Seq547|1,AGSDEEDQDEDEDEG,Positive,80.24%
Seq838|0,AVGGPGTFGEGGGGA,Positive,73.12%
Seq1088|1,KKHPAIVSIED,Positive,71.61%
Seq944|1,SSRPSPPSKVSS,Positive,68.15%
Seq186|0,DQPIAKISNLGVMRE,Positive,65.18%
Seq863|1,SAIGGGFGGGG,Positive,87.05%
Seq521|1,KDENDADDFILAE,Positive,93.05%
Seq110|0,SLLSAFPSIPLILLV,Negative,85.09%
Seq706|1,NNDHHNNDDDNNDDH,Positive,96.52%
Seq976|1,EPVTTKETASCANPF,Positive,62.62%
Seq418|0,APSSFPKGVLLAEEA,Negative,66.5%
Seq395|1,SKEGDFYSCSYTWPS,Positive,61.28%
Seq829|1,SEIEKLKNKYEVAGIP,Negative,41.14%
Seq140|1,ANNNPNVYKLNDD,Positive,94.78%
Seq759|0,GLLKAVEAGEDNLPL,Negative,63.26%
Seq1011|0,FSTRAQAQMQMRLKN,Negative,50.59%
Seq164|0,VNGDVRYPRQAGYDG,Positive,64.18%
Seq981|0,AVLEKQQEKKRIGHT,Negative,48.4%
Seq323|0,ESPPAPSQPASNTPG,Negative,41.32%
Seq856|1,KSTTHLNNTDNCDVN,Positive,86.45%
Seq605|0,ARVNGQSSPEDTVPV,Negative,58.46%
Seq378|0,AEEQYYIKAQLLEHL,Negative,67.42%
Seq733|0,EQTSQGVNDGVEPNN,Positive,77.73%
Seq747|0,CSPSSTSKGTASTTN,Negative,40.04%
Seq554|0,SDTAAVGASATGIM,Positive,71.78%
Seq265|0,ENVQPSDTAGTERLK,Negative,43.32%
Seq336|0,EFYFEDGKEVPQTVD,Positive,69.85%
Seq90|0,PPQVKLHGMQQEGSA,Negative,42.42%
Seq157|0,DRTKKKKEKKRK,Positive,80.61%
Seq1001|1,ARTIPPQPLPKPM,Negative,41.26%
Seq1006|0,MPPEACEILEALGDS,Negative,48.51%
Seq699|0,FLLFVTCAAAAAVVA,Negative,94.09%
Seq358|1,ELTEEQQRGDEPL,Positive,85.15%
Seq910|0,EVSLFVECGGVSHTR,Negative,73.48%
Seq1111|1,GPKGKPGPPGQDADG,Positive,85.65%
Seq354|0,FGHVVEGMNIVKQ,Positive,73.58%
Seq12|0,AYYSEMPSTSREPAA,Negative,51.28%
Seq1013|0,EMMREQRVQSDSLSV,Negative,52.0%
Seq1097|1,EDGMKSLSFDKRNM,Positive,82.21%
Seq29|0,GLISPDGVLHLPLGS,Negative,81.59%
Seq473|0,EEVKRRIEENDREEK,Negative,53.94%
Seq329|1,IKEDETGETKTFVER,Positive,76.76%
Seq437|1,EKVSGWVVRENQ,Positive,79.89%
Seq914|1,AQSEADADDDDPQRP,Positive,70.76%
Seq365|0,HMIHPAAELLEEDCV,Negative,67.26%
Seq148|1,IELCKKYNINVNFLS,Positive,79.35%
Seq114|0,QRQQAFRFTHLSNQQ,Positive,61.62%
Seq278|1,SLTEAQAEAGEELL,Positive,61.68%
Seq30|1,NNVWGREEREGTL,Positive,85.52%
Seq735|0,APMSDLEELGKTPGE,Negative,60.27%
Seq484|1,ADGDEEDYDVVDDDD,Positive,88.98%
Seq1048|0,AEKAKEEAEKAKAAE,Negative,54.95%
Seq386|1,YILLRKNGLTIKELM,Negative,46.83%
Seq539|1,NADADGCGGVGSC,Positive,89.66%
Seq316|1,KPQEEKEKITKEILNGK,Negative,57.05%
Seq38|0,GKQESSDQVSQGLQK,Positive,63.22%
Seq40|0,KSKLVGGVTRPNAAT,Negative,41.2%
Seq463|1,KIGINGKPERCVNAD,Positive,79.52%
Seq613|1,THNWGTENDPNFNYH,Positive,87.2%
Seq359|0,LTAASIEVFPVTYN,Positive,60.73%
Seq1121|1,KIERRQSLTEAQAEA,Negative,41.27%
Seq681|0,NVVPTLSERASQTPE,Negative,45.19%
Seq367|1,ENNIDDNDMYNNYVN,Positive,96.04%
Seq131|0,QGGSESTEGPAVTPR,Negative,66.35%
Seq434|0,AQRTNHKETHKHPGP,Negative,81.97%
Seq1108|1,LALFRVYLNRSWFHS,Negative,85.9%
Seq660|1,SGKDPFGSDNNTKSP,Positive,84.83%
Seq621|1,PVGPRGDPGLKGLD,Positive,77.14%
Seq284|0,ESCVTCVGVNALISN,Positive,66.5%
Seq726|1,TIDKNEFQKTLKT,Positive,85.63%
Seq605|1,ANGTKEQLFDRQ,Positive,88.84%
Seq577|0,SGTGDVQTTTDTVDN,Positive,78.16%
Seq537|1,SWISYWIDWKSTAA,Negative,46.11%
Seq341|0,VNAFNEYEHLQEIVI,Positive,66.91%
Seq41|0,ELLPSILMKVN,Positive,65.04%
Seq181|0,AAWEVFANTRPQAVI,Negative,66.31%
Seq862|0,DLTQGQREEVLQRYI,Negative,67.26%
Seq841|1,LLTDGNVKKDECDE,Positive,87.94%
Seq91|0,FIPQEASQDIFVNNE,Positive,81.14%
Seq527|0,KYNDFRKKYEFTMNE,Positive,85.06%
Seq33|0,ELQQVFLQHDWGTSV,Negative,52.1%
Seq1020|0,DVRTAVKKIDIHHWH,Negative,53.67%
Seq161|0,ALRVIHSLLLQERRV,Negative,90.08%
Seq810|1,ERRDDEIQENRII,Positive,86.97%
Seq651|1,TKTAIGAVDPTRTAI,Positive,63.07%
Seq819|1,ENALDFSDLLQWFDS,Positive,75.71%
Seq445|0,IVSTIGLESMAQLRL,Negative,69.25%
Seq574|0,NHAVIYYIQEVLNLL,Negative,47.58%
Seq341|1,TFCAVVHSCFVDDGN,Negative,43.21%
Seq686|1,SNGANPANGGF,Positive,94.46%
Seq179|1,EEENKSKSLQISYNG,Positive,82.95%
Seq810|0,IELTLPMMISSLL,Negative,56.47%
Seq493|0,SVIDDAYHKFEEDRA,Positive,75.54%
Seq31|1,IDRNALKPFTTFEE,Positive,77.73%
Seq340|0,ANPKETPVESTATKT,Negative,50.45%
Seq526|1,NFYYNNNNLSTYVIK,Positive,86.43%
Seq572|1,DDDDDDNDNDADGEE,Positive,96.19%
Seq776|0,DHPHPVQEEDTKSGE,Negative,60.17%
Seq829|0,DLMKNAATGSPAETT,Negative,50.02%
Seq528|1,GATWEQDRDWMRLH,Negative,41.14%
Seq937|1,VKEEYKDEYADIPEH,Positive,73.92%
Seq458|1,SGALFSFPAGLEDASE,Negative,75.99%
Seq16|1,SDPVNIKDLEDAEE,Positive,88.35%
Seq734|1,AYDSTPQNEKQSTR,Positive,76.99%
Seq371|1,EGSQSTLAATDTANN,Negative,70.12%
Seq736|0,CSGPSVRSSVPLNKC,Negative,63.14%
Seq59|1,NVDINNTDISAIQFM,Positive,84.53%
Seq630|0,SGAVYLAAVLEYLTAELLEL,Negative,47.0%
Seq376|0,ALLGKKYVCPVRRDE,Negative,78.03%
Seq425|0,IPQSMDTDMQVITIT,Negative,51.07%
Seq294|1,LSQMGPPPNPIS,Positive,77.76%
Seq823|1,SQEFSYDKYSMKDRM,Positive,69.12%
Seq19|1,QPENLENPAFVINSD,Positive,84.05%
Seq748|1,QTPGSSSGASLHAVG,Negative,65.02%
Seq926|0,ERKGQLGIDQNMSFT,Positive,79.2%
Seq1075|0,ARILTKINTATPDNS,Negative,40.76%
Seq1131|0,ALSTWAVKDNALRQC,Negative,64.32%
Seq524|1,AQNLISKNQNNNEKN,Positive,92.66%
Seq513|0,GNLLDDWYSDQWGHL,Positive,74.25%
Seq324|1,KYMSANANDGIE,Positive,90.53%
Seq1114|1,TATTGDSDGVKATSP,Negative,41.52%
Seq201|1,LVKGNFANKDGNSMP,Positive,84.46%
Seq661|0,FRLRCESAAECCALL,Negative,91.0%
Seq308|1,SSEVSLTTTMELEGA,Negative,42.89%
Seq260|1,IKDHKNKASLYVYKH,Positive,63.74%
Seq266|0,NGQQAAQQAAAPTTS,Negative,57.85%
Seq968|0,NSTGGAGGGRQSGQS,Positive,60.27%
Seq34|0,ASRRGVKNTARMSSF,Negative,66.39%
Seq1066|1,QEKEKEEVKEKEEVKEKEEVKEKEEVKEKE,Positive,91.02%
Seq383|0,AAFFEETVRELSTAG,Negative,80.26%
Seq523|1,LKTEDDGTGVISE,Positive,85.64%
Seq714|1,QYGFPWPEMLSCNK,Positive,68.73%
Seq1093|0,RFKLRQFEGAPETLE,Negative,47.78%
Seq1141|1,KSDRTLDIANSFAVP,Positive,65.8%
Seq1151|1,FPLSSLDESGNNFIE,Positive,77.72%
Seq1058|1,YRRDDHSFSAFGQ,Positive,77.99%
Seq209|0,AIYFIGQWVENVKLD,Negative,45.15%
Seq392|1,NNTDTISTDNDNADT,Positive,88.32%
Seq153|0,CLSYLRRVFEKLNFN,Negative,63.21%
Seq230|0,IRRVLKKDAFMLHSM,Negative,76.8%
Seq916|0,FPIYMQKGEKWEVVN,Positive,61.31%
Seq39|1,PFEEAEIAVEKEREN,Positive,62.5%
Seq312|1,AVYANTKEIAHAIVQ,Negative,49.3%
Seq757|0,ASEQIPSLSLDITAL,Negative,55.12%
Seq442|1,LGRSGGDIIKKMQTL,Negative,46.55%
Seq1083|1,QPPKQPEGVPPP,Positive,83.13%
Seq1101|1,SGKDIYPRADFTV,Positive,73.25%
Seq43|1,CSKSSNPEVLLLCD,Positive,63.85%
Seq155|1,EAQKACEKAKKAHA,Positive,75.69%
Seq1|0,DQSERRGTNTVSSTE,Negative,45.17%
Seq1109|1,NAMSNYNREQLESDA,Positive,86.95%
Seq1062|1,RDVSKTPQQETETSI,Positive,62.63%
Seq97|0,DETKQIVGDTLRWWR,Negative,50.01%
Seq624|1,LKEVQKNEGAKDL,Positive,87.69%
Seq661|1,QLEVEDATRKLRLGD,Negative,48.2%
Seq246|1,KNNSSGADNGSINSD,Positive,89.34%
Seq95|1,NNNINNNNNNNDNKE,Positive,97.44%
Seq971|1,QDFSGLPDYCHCE,Positive,78.5%
Seq880|1,LAKYKDDLESIKKVI,Positive,69.07%
Seq107|0,YQKSTELLIRKLPFQ,Negative,60.27%
Seq60|1,ELKTFMYDLYEFLKK,Positive,62.82%
Seq275|1,FKLKIIDPKITSNAS,Positive,68.5%
Seq793|0,AGNTGMEPKATSFFQ,Negative,56.87%
Seq843|0,ADEFCNNTYFGVLTL,Negative,49.47%
Seq153|1,EKVDNLGRSGGDIIK,Positive,84.01%
Seq497|1,KNNTTEGNHMHNSVS,Positive,73.91%
Seq608|1,AQSAKAGDAVEQVL,Positive,70.53%
Seq269|0,LLSMRLPKQRNKWEL,Negative,65.31%
Seq634|1,YAPTVPEYLSPKQRP,Negative,64.55%
Seq1145|1,DTDASKRQWVDGTA,Positive,77.29%
Seq271|1,EKQNNNFDYDSIP,Positive,94.07%
Seq50|0,DGVMVAIADARYDTS,Negative,85.52%
Seq627|1,EEIHKPKLLKS,Positive,75.13%
Seq788|1,PIEKFPVTTQTFVVGCIKG,Positive,63.77%
Seq227|0,ESSFSSFVSNGDRNG,Positive,84.0%
Seq975|0,ASTGNDDQRRTGGVP,Negative,64.91%
Seq960|1,VTERNSQRPHDSSKS,Positive,62.12%
Seq515|1,NRRLSTGKDSGRG,Positive,81.55%
Seq989|1,EEGCAVDKYLLNN,Positive,88.75%
Seq595|1,IDGDAEVDEDEDDDD,Positive,93.35%
Seq243|0,DFNEALNMDGMEFEN,Positive,90.48%
Seq265|1,MEVNENFSPTTSVED,Positive,76.93%
Seq593|0,KMASSADVKLAFSSE,Positive,64.36%
Seq603|0,FVRGEDAGVDADTNT,Positive,60.29%
Seq300|0,ENTIDTFCSLPYFQF,Positive,63.23%
Seq512|1,VDTINSREKDVKNYD,Positive,83.33%
Seq761|0,ASHSTENAATHSAGI,Negative,81.64%
Seq61|0,PKETPVESTVMKTTT,Negative,43.76%
Seq821|1,VLLGSMKSDRTLDIA,Negative,50.17%
Seq27|0,LWCGAVFGHAMDDYC,Negative,66.83%
Seq816|1,KYVEDIINSSIIQRS,Positive,69.06%
Seq886|0,SSVGATSDMDTATET,Positive,74.61%
Seq1025|1,GVSAIGGAGGISA,Positive,74.89%
Seq758|0,NNAMPKVSYIKGLD,Positive,81.65%
Seq398|0,EKHLLKDCPIKGFDV,Negative,40.99%
Seq702|0,ATTPKEKERCEASLK,Negative,63.19%
Seq862|1,KTILSAEDIVKMN,Positive,74.11%
Seq552|0,AASRWAIVYGMQFAE,Negative,86.95%
Seq1041|1,IEQKSDICCRQI,Positive,73.38%
Seq780|1,IYNLCQAVHLCIIKK,Negative,60.12%
Seq448|1,PDKKSTAAVILTPTENHFTLKCPKTALTEP,Positive,82.97%
Seq531|1,GVNLIPTPYVIYNEP,Negative,41.0%
Seq1032|1,TDEQTKGNGSGSRS,Positive,88.18%
Seq846|1,NWDDMEKIWHHTF,Positive,75.92%
Seq273|0,DGMKSGQSGVSGGDN,Positive,73.51%
Seq334|1,MTEKEDGDNEDEEVE,Positive,87.04%
Seq519|1,KTEYNISLKLLDTML,Positive,67.37%
Seq149|1,KEALAKGDTQAAVAG,Positive,69.8%
Seq678|1,NEIVSSLQKDSASFL,Positive,65.48%
Seq875|1,KSPTLKAPAAPAAPA,Positive,63.83%
Seq606|1,ETCVEHCNQPVKNAT,Positive,68.02%
Seq670|1,LTDGLKRMIGLDQN,Positive,80.1%
Seq493|1,LCPQTPKKYYVHND,Positive,71.54%
Seq317|0,KKLLGARGLFGKENN,Positive,69.64%
Seq915|0,APVSSLHHLSRPQFN,Negative,86.7%
Seq1024|1,TAADTPTATESISPSPP,Negative,82.84%
Seq304|1,SPYPPSNSFPPNVT,Positive,75.99%
Seq634|0,AEGSDGINEITDKLS,Negative,46.55%
Seq1040|1,DLISDMIKKEEELVE,Positive,68.76%
Seq930|0,DSSEKSVKPQSAEPP,Negative,51.34%
Seq105|0,IKMESNAPEIPSEDN,Positive,83.45%
Seq1084|1,NFLNDLFKKNNKNDLDDFFKNEKEYDDLCD,Positive,95.84%
Seq395|0,AGPAGPTGPADLADP,Negative,42.79%
Seq414|0,AESPFKNVFGEPSST,Negative,47.78%
Seq228|1,NDDGNNGNIRN,Positive,96.94%
Seq1036|1,LGFWHEQSRPDRDNY,Positive,64.39%
Seq506|0,AAPEPQATLLAPMVK,Negative,66.46%
Seq992|1,IVDDNEKEKLDECMA,Positive,82.8%
Seq585|1,AAAPKKAAAPQKAAA,Positive,75.77%
Seq958|1,SKSDNSDGIRSENGY,Positive,90.44%
Seq906|1,AQSNSYVNLDVPI,Positive,76.86%
Seq541|0,ASVELFMASLGFNLN,Negative,43.82%
Seq980|1,AAMFWQVSNLATE,Positive,68.34%
Seq344|1,HIFNIDERNQVL,Positive,80.97%
Seq1010|0,AGGKGYQHLNCMDRD,Negative,55.46%
Seq1132|0,ANELSRPSIEDATPI,Negative,64.76%
Seq244|1,QTQPVQTQQNYPTSQ,Positive,69.68%
Seq42|1,KRGALLDIYQDESA,Positive,76.75%
Seq883|1,KINLFHKWLDRHRDM,Negative,41.73%
Seq188|0,DMKKSETVIPSQA,Positive,75.56%
Seq1100|0,QDVTSTPCWVEIHLH,Negative,62.53%
Seq282|1,RKNIVKKCLEMFDE,Positive,77.18%
Seq245|1,KPAQGGESTFQKDLD,Positive,84.68%
Seq188|1,EQASKAWFGELAE,Positive,79.94%
Seq777|1,VAEAMSDEGPQEQGA,Positive,70.64%
Seq1103|1,DEGLLLPVDNDGDES,Positive,63.96%
Seq985|1,TDNCDVNLSEQTNEI,Positive,88.77%
Seq1046|1,AIKSAAAQAPEA,Positive,78.25%
Seq510|1,EGLIPGEPGPPGDIG,Positive,70.09%
Seq653|0,AEPEASNKNKYTDPL,Negative,43.99%
Seq969|0,NPKLGGLPNTLMDFC,Positive,70.13%
Seq53|0,ALDENGGVLTRFKCI,Negative,64.48%
Seq1055|0,EEGEEGGVEGYEGRN,Negative,45.33%
Seq839|1,NSNNGNINGNGK,Positive,96.81%
Seq1142|0,AMVVSFASGYGVPIS,Negative,82.96%
Seq373|0,RVIMERMVVNPLVVR,Negative,78.71%
Seq462|1,IQPVERVLQDAKMDKRSVHD,Positive,65.79%
Seq1149|0,AAAAGGGPTGVTDPA,Negative,54.41%
Seq890|1,VSIDARNFAPNEIT,Positive,79.46%
Seq1089|1,KPPPFGQAAEGDKPP,Positive,71.4%
Seq94|1,IVRNSNGDLGGI,Positive,86.57%
Seq765|0,AAISSAEASKQRLSE,Negative,77.62%
Seq453|1,ENDDVLDEKEEEAEE,Positive,70.14%
Seq1039|1,YTYDPNEKLPVSVD,Positive,78.34%
Seq903|0,AFPSIPLILLVLIFM,Negative,94.34%
Seq820|0,EETVRELSTAGSENG,Negative,63.7%
Seq864|1,ATRGNGRNLILGDKI,Positive,60.1%
Seq662|0,AEMNDESLVGSQHVS,Negative,59.0%
Seq967|0,ELYRHSQTKVATVLL,Negative,68.93%
Seq441|0,AEDLVRREADCHKLV,Negative,86.95%
Seq1137|1,LADIIGEQKLIGKQE,Positive,71.57%
Seq648|0,EGILPLGEQWIDSKA,Negative,45.31%
Seq425|1,AKTNQESETVVSA,Positive,81.52%
Seq924|1,NRVEAGTFDQKSPLT,Positive,70.28%
Seq531|0,AMKGAAATTGDSDGS,Negative,44.28%
Seq413|1,EDVLLIETITINNGT,Positive,71.83%
Seq1127|0,ISITIKEPFGECPRP,Negative,48.54%
Seq958|0,AAGNAGPRVQAVKPP,Negative,70.09%
Seq502|0,FGFGSATTTSAPAAG,Positive,63.6%
Seq57|0,ELYLKNHLLSRATVF,Negative,71.52%
Seq622|0,NLAEIPEEVLMR,Positive,69.8%
Seq131|1,QSSDGNSTGNVEEA,Positive,91.47%
Seq80|0,DLEVRHRASAERILY,Negative,81.74%
Seq942|1,ILDIIQGKENMNNNS,Positive,90.82%
Seq382|0,GTERGAARRYFVDRT,Negative,83.75%
Seq1013|1,VEDIVRCSTAYTEYARKKTV,Positive,64.63%
Seq777|0,ALLLPGGVTLFVRIR,Negative,93.79%
Seq270|0,LRRPPPQEKEEAPA,Positive,64.88%
Seq583|1,QVENITAVLPTRAP,Positive,62.99%
Seq127|0,CNVELEDIDARAGVS,Negative,55.35%
Seq811|0,EGSKGKQDHSQSAPQ,Negative,53.27%
Seq240|0,TTVVFPLVAVSEKAE,Negative,45.58%
Seq444|1,AKSLTQPQVPFVPQM,Negative,71.33%
Seq98|0,ENPRAEPEKEKLSSE,Negative,57.38%
Seq1027|0,DFRECPSVLRLFRMA,Negative,85.87%
Seq920|0,ASGKLQCGLATVLER,Negative,70.21%
Seq945|0,IHTAINNVISFIIL,Negative,47.49%
Seq858|1,SMSHRTMSIVNSYVNDVMER,Positive,69.55%
Seq330|1,IVQTTAPTFIPNGA,Positive,68.89%
Seq452|1,EIPGISNLLRHAIFY,Negative,70.69%
Seq558|1,IINEKETKITKFCNK,Positive,82.36%
Seq1126|0,LLVCALCVLWCDVVV,Negative,92.31%
Seq432|0,SDLEAQLITLHEMVD,Negative,41.87%
Seq868|1,AHFEFATTPDDQNSVSEPRA,Positive,84.5%
Seq1063|1,MDYVSCTPGLRVELSTVSNA,Positive,63.54%
Seq482|1,LERIREMQKYFEQYT,Negative,46.42%
Seq817|1,FVQAMLDPNQTQEER,Positive,75.58%
Seq339|1,NVNRIMCLKHNNEKL,Positive,79.29%
Seq951|0,HERAKNAYQKANQAVLKAKEASSY,Positive,86.83%
Seq192|0,EEPMSWGNNSGCALL,Negative,51.57%
Seq1078|1,LNEEIKVTIPVYSD,Positive,74.12%
Seq424|0,DTQKHERGSHGVKIK,Positive,61.99%
Seq421|0,IYTSGTGEAQSTADA,Positive,62.26%
Seq134|0,ETPCEIITKSDRLR,Positive,68.76%
Seq751|0,RYTEPPPQIIPR,Positive,67.65%
Seq41|1,DSFETIKYVETVQ,Positive,78.27%
Seq1001|0,LKVDCGLLSAPMGLI,Negative,59.58%
Seq945|1,HQTQLPPLPSDH,Positive,71.47%
Seq567|1,PSDVPKNPEDDREEN,Positive,83.65%
Seq977|0,AAALTGHWTLAEACN,Negative,86.87%
Seq579|1,THEVNEEMSMEIND,Positive,88.1%
Seq22|1,SIPSNDKPIQTTE,Positive,84.04%
Seq455|0,ATIGGVTAECLLNTT,Negative,64.14%
Seq65|1,PTTVCKITNGI,Positive,74.79%
Seq502|1,DQENKFIKLRSDGK,Positive,87.66%
Seq316|0,AKKRTPEVIVLLPTG,Negative,71.43%
Seq321|1,KPGPVGKPGTNG,Positive,90.38%
Seq169|1,NNNNNNNNKRKKINF,Positive,96.45%
Seq781|0,EEPSMTTTRAPVNKD,Negative,68.58%
Seq889|0,DELPPESQGVETSPQ,Negative,75.96%
Seq15|0,APKKVAVDPFILAYG,Negative,52.28%
Seq713|1,QRGGAQKGNVRKLQP,Positive,68.84%
Seq525|1,TETSITIEQPTFIEH,Positive,62.93%
Seq854|1,HENPDDLGQGTGNMR,Positive,81.89%
Seq31|0,GTRLWNEHVVARAEE,Negative,81.85%
Seq485|0,ALMVFALIAALILLS,Negative,94.01%
Seq999|0,AAEMGSTPGIPAGDS,Negative,76.39%
Seq580|0,AAALAYGLDKTKDSM,Negative,63.4%
Seq861|1,PGASGEPGPRGPIGP,Positive,70.98%
Seq553|1,VKPTCLINNSSYIAT,Positive,65.06%
Seq966|1,AFGGFSSTQDT,Positive,83.07%
Seq388|0,IVYFKEFVINLSSIE,Negative,45.11%
Seq784|0,GVKQNEEHQEQLSQQ,Positive,61.62%
Seq476|0,GSRRGAMMEYCPFIA,Negative,75.29%
Seq370|0,AISIVDVGFWNVRWI,Negative,77.98%
Seq111|1,DGKESQKSTVLQ,Positive,83.32%
Seq1052|1,QTHSEIKIDNKETVG,Positive,78.26%
Seq450|1,SDPPLVANQVVTCPDKKS,Negative,75.58%
Seq311|1,GKATVLLGMVLSLMALVVVW,Negative,64.52%
Seq105|1,ININNIKSIIRNLQN,Positive,86.93%
Seq908|1,VLEKRIDTLKKNENI,Positive,77.84%
Seq477|0,AAASVPGVTGAGAGM,Negative,76.02%
Seq132|1,PTVAAGETLDAEI,Positive,75.27%
Seq598|1,SQAGWNKGDSQKLMT,Positive,73.84%
Seq824|0,GKLPLECILEVDALR,Negative,63.36%
Seq246|0,KTCENFLALCASGYY,Negative,44.55%
Seq589|0,AYVRKPASARNVGSP,Negative,56.85%
Seq542|1,PLSQQNYKILKEHIE,Positive,70.4%
Seq957|1,DGDESIDEEEEKEVE,Positive,75.22%
Seq135|1,FIESFRMPSLKSNDD,Positive,74.22%
Seq559|0,QDEDRLDELEGVEDF,Positive,81.82%
Seq659|1,TIKILPDEDDRKTQ,Positive,81.36%
Seq655|0,ADESNAEIANDGSAV,Negative,61.11%
Seq1062|0,ARVGKEVSLAIRASM,Negative,73.87%
Seq732|0,NMAVAEVDALSGFR,Positive,72.55%
Seq28|0,ALCVLWCGIDGVVAE,Negative,84.17%
Seq712|1,FTTFDLGGHEQAR,Positive,79.01%
Seq384|0,DDDVFSFEGVEQVDA,Positive,70.51%
Seq1041|0,NQSRFTASSGVLEEA,Negative,48.37%
Seq345|0,AASCVSCNTPFYVPY,Negative,74.62%
Seq303|0,ADTRNQTPPKSTTQS,Negative,71.6%
Seq1102|1,LVIKRQGNCVRVA,Negative,45.38%
Seq82|0,MQEVMAAGVKSSNEV,Positive,60.65%
Seq411|0,AEPTAEKEADVEKTA,Negative,51.24%
Seq555|1,YQAQMSNIENFEFDQ,Positive,88.28%
Seq835|1,IETITINNGTTSNTI,Positive,84.7%
Seq684|1,VEATAMKNTTATGDS,Positive,70.59%
Seq313|0,AVERNLGDLQMRPEI,Negative,61.12%
Seq643|0,CGQHKKLLELSVYNC,Negative,54.43%
Seq1006|1,DYIEIRNSTDFAN,Positive,88.31%
Seq334|0,AAVISSNSATATSPM,Negative,58.73%
Seq970|0,GSSLDSTGVGVSENA,Negative,42.6%
Seq546|0,ANHVDSMQLVGEVDG,Negative,64.98%
Seq782|1,NFIEHINNDESNKME,Positive,90.91%
Seq370|1,GGCIECPPGQPGPPG,Positive,73.97%
Seq368|0,PVSPVKSSRPTAYVR,Negative,65.09%
Seq1016|1,GKEDRNDKQSIVSGE,Positive,78.98%
Seq987|0,EWRFLAKSRFGTTEK,Negative,49.27%
Seq919|1,DELEAETQNVYAA,Positive,85.73%
Seq639|0,AQSTIQQMDENEKRE,Negative,40.27%
Seq695|1,NNIFDNKKSMNYNEG,Positive,94.0%
Seq64|0,LQCGLATVLERLEEN,Negative,56.42%
Seq447|1,VPSQTNNNENIETIK,Positive,86.74%
Seq803|0,PPPPSTQPPLQ,Positive,71.4%
Seq724|1,DDSLVVLPIFGESED,Negative,45.41%
Seq200|1,SDHIVCCDDVYGG,Positive,73.25%
Seq456|1,LQNAQQNAATALPNG,Negative,48.93%
Seq846|0,HLEREQREALLERRR,Negative,76.37%
Seq929|1,TDNNANTNGNGDSNN,Positive,95.94%
Seq141|0,IVNQQNIDPPSPSGN,Positive,85.66%
Seq647|0,TEKAAAAAKAAEEAA,Positive,65.44%
Seq736|1,RHFYKDNKYVKNLDE,Positive,84.26%
Seq847|0,AVSTRIHASSAPPFS,Negative,74.58%
Seq602|1,IQSERDGQKISPYVQ,Positive,62.62%
Seq738|0,ASSPVKAQRTSTATH,Negative,58.57%
Seq212|0,AETEKAAAAAAKEAT,Negative,72.54%
Seq558|0,EGVGRTDASGTTQTP,Negative,64.71%
Seq241|1,SENVESYGQKGVEQA,Positive,79.98%
Seq1108|0,GGPPNLPAREDTLKL,Negative,70.58%
Seq139|1,DGCMVQNDKIYVGRA,Positive,60.1%
Seq89|1,STPPHPSANKF,Positive,75.89%
Seq891|0,FTYWAYRRLRELPTD,Negative,69.64%
Seq393|0,VKNLFYLARTAENYV,Negative,46.17%
Seq654|1,MPPYPTGGPPPV,Positive,73.38%
Seq1135|1,VLQDPNHLEKFNIEQ,Positive,78.56%
Seq14|0,ENVTKDGDSGSTTAV,Negative,40.47%
Seq292|0,SAHNAEHDSAAETHE,Negative,40.54%
Seq211|0,AGNQVVGGGAAGEGV,Negative,76.98%
Seq905|1,DYLESMYGMFHKVA,Positive,61.77%
Seq1004|1,QKDKLYLTTTEWKE,Positive,76.14%
Seq1082|1,DTHLGGEDFDNRLVTFFTEE,Positive,84.18%
Seq142|0,PCWWLVPIIAPTLGA,Negative,74.38%
Seq801|0,GVSGENRPSVVSLAA,Negative,58.05%
Seq687|1,GRIGLDGPTVTAED,Positive,74.35%
Seq858|0,SDPSFAVICSFFNKF,Negative,45.68%
Seq1059|1,NSDRFAKQGNSTISN,Positive,87.93%
Seq566|0,EDEVQSMDIVAWNKI,Negative,44.1%
Seq1151|0,AGQSGEADNAVCGVG,Negative,79.71%
Seq1039|0,DKGSVSTSPASAAPT,Negative,58.64%
Seq836|1,NVSQNGLEEQAPSDS,Positive,73.06%
Seq813|0,PPRTNPSEYFMNILQ,Positive,62.06%
Seq860|1,TYAVYVDAINDFDG,Positive,79.2%
Seq877|0,EHQSQGEEAAGRSVA,Negative,75.23%
Seq75|1,TVLDIQPIPTTTQ,Positive,70.68%
Seq1093|1,HILFAITTQEDE,Positive,75.69%
Seq872|0,HIYQADGVVGFYKGL,Negative,56.82%
Seq375|0,EQPPPPPPRQRQQLS,Negative,75.9%
Seq251|0,GVSVCEADKAVLVSL,Negative,83.65%
Seq216|0,AAASAPAYRFSTAPR,Negative,79.63%
Seq227|1,FAGDSDSSSSADDAAGKATV,Positive,83.26%
Seq547|0,EGGGCRHKGVSLVIL,Negative,82.25%
Seq546|1,VMDFQATALKSDSDR,Positive,72.15%
Seq603|1,SAPEGEPEKGRVPNV,Positive,62.87%
Seq781|1,EEAEIISNTKKQ,Positive,87.91%
Seq631|0,DDETEEEREEQKGEN,Negative,64.1%
Seq871|0,CNRLLRGSVEFFCGS,Negative,83.36%
Seq556|0,ATNENGESRGYARIS,Negative,50.54%
Seq169|0,SGGPATEDEAAKPTG,Negative,51.7%
Seq302|0,PASAIAGGAAVTHDA,Negative,61.87%
Seq235|0,AEDFNSMQASASLRR,Negative,59.03%
Seq183|0,CLKNLMGLSRSQPLQ,Negative,68.98%
Seq606|0,NLNLDQKQEGEIMTE,Positive,87.2%
Seq861|0,DWQEYYRRMLYQEIS,Negative,66.41%
Seq408|0,CLTQSDPPSSPLTFS,Negative,61.0%
Seq979|1,EDYSPSRKFDEETR,Positive,77.54%
Seq805|1,ATSGFDLLGTNEPDN,Positive,74.69%
Seq696|1,QDSSAGPFSVKEI,Positive,76.84%
Seq831|0,AVWLPPIPPRSVMPP,Negative,82.55%
Seq101|0,YSTSAVIDRGHSVVT,Negative,59.02%
Seq132|0,AEEKADEFLVTEPGG,Negative,78.19%
Seq674|1,GPKHVEQNIQEDDND,Positive,88.88%
Seq826|1,HEQIPIPPALPDILK,Negative,55.77%
Seq460|0,AAAKAETETEKAAAA,Positive,67.79%
Seq788|0,MQEFHAFEVQPGKEH,Positive,61.02%
Seq222|1,PTEIIEDIPDEVK,Positive,78.18%
Seq838|1,AETSESNEERETR,Positive,83.93%
Seq500|1,KLQKIRVQIKDDKLP,Negative,40.02%
Seq1054|1,SWFHSCSPSSTSKGT,Negative,48.47%
Seq842|1,HQSSGNIEFDERSES,Positive,78.81%
Seq741|1,DEELKDEEKEEDEEE,Negative,46.96%
Seq928|1,KNGLENYAYSMKNTLSDSNV,Positive,90.85%
Seq680|1,DGNLNGNNDDVE,Positive,96.81%
Seq327|0,AEVALKTIGKTEGNS,Positive,67.19%
Seq933|1,ELEMEKSGVRRAST,Positive,61.08%
Seq852|1,SNGKNDNDCSKIDIQ,Positive,92.46%
Seq707|0,FPHLKVTDGSWRPPL,Negative,72.07%
Seq815|1,NPCELKYQWHTNATR,Positive,62.47%
Seq716|0,EERKVEEANNEPQDG,Negative,58.45%
Seq925|1,ENVITISPDKESEII,Positive,74.83%
Seq675|0,DSVPSIQQSAALALG,Negative,59.58%
Seq588|0,KTTHQIAVHNSKDPA,Positive,62.78%
Seq134|1,TEFSSTDNIDFSQ,Positive,89.03%
Seq693|0,FRIEMPDDFIFQGST,Negative,43.23%
Seq920|1,FDSRNMDYTIDFEMQ,Positive,83.26%
Seq114|1,ATGTVIDGNKKHVR,Positive,68.45%
Seq568|1,PTLKKVSKYDNKFK,Positive,78.65%
Seq84|1,ARLIMKNADKNDD,Positive,89.1%
Seq643|1,MQFKHISSNEYIIED,Positive,77.83%
Seq11|1,DTRTEATSQASDDATAGATTTQAPV,Positive,88.32%
Seq428|0,AGTTVVDIMDRRRKK,Negative,81.68%
Seq990|0,PSILNANETIQFNFP,Positive,73.46%
Seq1125|1,TEQKYEEVHTRSDR,Positive,76.44%
Seq851|1,EDDGISSKLKDL,Positive,87.4%
Seq453|0,APTTPQPQLPAPPVP,Negative,71.3%
Seq394|0,FSSGDGGVIEMLEGY,Positive,60.75%
Seq557|0,DKSRRVAAPDTTPAL,Negative,65.64%
Seq1113|0,AEATLPVQGENYSGS,Negative,62.3%
Seq71|1,QLSGLMDISDLQRA,Positive,63.59%
Seq629|0,GKIYLAREKRTKCAV,Negative,59.98%
Seq420|0,AMGVTASMEHVVQLR,Negative,83.75%
Seq271|0,EKLERIKEVVKTWKD,Negative,42.59%
Seq583|0,NWSPYSRPGDVDAFA,Positive,63.21%
Seq46|1,AAGDKPAPFGQAAAA,Positive,78.21%
Seq396|0,AVLHDLHTMKERNST,Negative,54.63%
Seq112|0,ETKPEVNVNNSENPA,Positive,88.8%
Seq934|0,ENHCEIESFVIGAWG,Negative,41.73%
Seq223|1,IRWYVDGDIIRD,Positive,66.88%
Seq973|0,DGTVNESAVKDCIRD,Negative,41.57%
Seq626|1,YKYVWPISQFYIFNH,Negative,59.39%
Seq677|1,MAALKLPNTPEIVR,Positive,62.89%
Seq1081|1,YLDFYLGIEPENGGN,Positive,86.15%
Seq72|0,AASRPALPVDVSSPQ,Negative,86.01%
Seq118|0,AFSFGRAKLPVDAKR,Negative,69.23%
Seq850|0,ALEKEQTGKAVPCAK,Negative,50.04%
Seq934|1,DSASSQLDDIYL,Positive,78.58%
Seq668|1,PFAFRAHTHRHGEKV,Negative,69.49%
Seq82|1,LPESTQELMTEATR,Positive,65.07%
Seq1078|0,AEVATEAAERAKIAI,Negative,58.21%
Seq611|0,GGHPAYTDEGRPSHA,Negative,49.38%
Seq1066|0,SLIRMPYGCGEQNMI,Negative,50.05%
Seq387|1,SCEAENTGLKNEGD,Positive,91.37%
Seq523|0,ASSSDDAQTVGMEGG,Negative,72.04%
Seq35|0,AAGGGFGAPSAFGSM,Negative,70.81%
Seq289|0,AGAISQEGRSGKDNV,Negative,52.96%
Seq143|1,NGYVENEDKENN,Positive,96.05%
Seq175|1,LDKEINENVITISPD,Positive,79.24%
Seq683|1,PEGPTGEEGLPGQ,Positive,86.77%
Seq187|0,EKTRTEGQGDQEVTI,Positive,66.2%
Seq608|0,EPKDQALPVGEQGLH,Positive,66.7%
Seq45|0,ERERMLRLRAAQHIS,Negative,88.46%
Seq433|0,GNGTLVFPLTATDEN,Negative,61.19%
Seq1119|1,FIKTNGSADISQ,Positive,82.63%
Seq1129|1,DDDDNNNDHHNNDDD,Positive,96.73%
Seq1019|0,AEPVTVAQANDTGTP,Negative,72.0%
Seq553|0,NQFNAAIGSLKKEFE,Positive,81.36%
Seq1051|0,EETHLPIRVEKHSRP,Negative,77.15%
Seq771|0,AASQKNNTQSGTGTG,Negative,48.84%
Seq993|1,DDIGYDFLQKDGT,Positive,89.91%
Seq962|0,AYHIHAGRTYMHALM,Negative,90.01%
Seq677|0,EEIIGGQKRRVSRRL,Negative,79.4%
Seq927|0,NSGFGFVSYDNVISAQ,Positive,60.76%
Seq210|0,QQQSYEKHIQSMKDL,Positive,64.44%
Seq898|0,AHRALATQVGAADAS,Negative,73.79%
Seq1140|0,GVILVDPFVGWETSV,Negative,74.53%
Seq549|1,VANPFMSMSTNTVI,Positive,67.6%
Seq855|1,ERMTFNKMNDVRT,Positive,84.4%
Seq867|1,FTVGNTANNEMCN,Positive,90.87%
Seq21|0,APKSRGEALEKAGAG,Negative,66.27%
Seq167|0,FSASAGTDSVDSNRA,Positive,79.51%
Seq136|0,AVEEMGGKTHAITIT,Negative,51.16%
Seq348|1,TATQKTVDGPSG,Positive,85.09%
Seq696|0,GEMSAMYERPVVVER,Negative,72.79%
Seq888|0,ALLPSSSDVRAADVP,Negative,86.25%
Seq884|0,LRQLDFVEEVLRKHP,Negative,74.9%
Seq674|0,EKNKKMENGENEKAN,Positive,82.33%
Seq205|1,RISVGIEDAEDLIQD,Positive,68.86%
Seq206|0,GSRSRRSRSRSKHRR,Negative,87.94%
Seq916|1,ILDVSNNVVKTSGDI,Positive,75.09%
Seq943|1,VAKNNGNVTGRLEFK,Positive,77.02%
Seq1056|1,YVKELPTEVQKLKEK,Negative,40.06%
Seq818|0,ASGPSVDELKRFLEF,Negative,63.0%
Seq685|0,EVTSDGVTRLEELDP,Negative,42.56%
Seq792|0,EKKQEGGERMTEKED,Negative,44.96%
Seq849|1,EEGTENNNKYNEFKK,Positive,81.16%
Seq933|0,DGKSSSDNIHVTVSN,Negative,41.68%
Seq6|1,GTGVISETGQPEKK,Positive,77.3%
Seq470|0,AKESVVEGKRLFNLP,Negative,71.51%
Seq718|0,DTTRGNGTGGESIYG,Positive,74.37%
Seq512|0,GNISSSENNGGKNKK,Positive,88.95%
Seq799|1,PQQQQQQNLQQER,Positive,91.58%
Seq411|1,ITEGDKEGLYICEA,Positive,79.11%
Seq32|0,RKMIAQYRKDQSERR,Positive,60.89%
Seq868|0,APLVVAVFAALPAQT,Negative,85.07%
Seq910|1,MPCNIDFSHYSDAVM,Positive,63.25%
Seq832|0,ALCVLWCDVVVPAAY,Negative,92.65%
Seq248|0,GNYTVAMKVTDMAIP,Negative,52.5%
Seq508|0,EREKIEEKKDTTPYA,Positive,63.48%
Seq1022|0,CNKTALTLSLRSVLP,Negative,71.49%
Seq887|0,FTSLQAIIKVLHSDK,Negative,53.36%
Seq1130|0,LWCGASVVLSAAGGF,Negative,78.9%
Seq86|1,NVISTDNSKTNVIST,Positive,82.0%
Seq340|1,TPRNTQTRVKSENLA,Positive,72.11%
Seq417|1,YQNQVQTLQEEIDFI,Positive,74.54%
Seq491|1,YNNDDDNDDDNDDNNDDNN,Positive,98.03%
Seq15|1,STANGAAPGSGT,Positive,88.36%
Seq488|1,YICIKRIMNIINNKV,Positive,71.17%
Seq779|0,FGVGFYSAFLVADRV,Negative,91.01%
Seq827|0,ASQTGRFVGDRNVFY,Negative,72.57%
Seq145|0,DVGEGITAAVDDRWL,Negative,50.67%
Seq50|1,NTIGELIYEQGSPCK,Positive,72.69%
Seq194|1,DRKDQGQVVGFENI,Positive,87.16%
Seq923|1,NGGKHAGGNLK,Positive,92.82%
Seq274|0,GNTLPLSRLALAMKK,Negative,72.25%
Seq217|0,AGYLAKILCHSGETV,Negative,65.67%
Seq347|0,ALPARNNSAKTVSIN,Positive,66.78%
Seq297|0,CTYYAAIPDEPVELP,Negative,47.48%
Seq951|1,SRSRDKTGGNTEPM,Positive,81.48%
Seq590|1,KRKWEEDEEDEL,Positive,89.47%
Seq1109|0,NNPSESNASSTVKPT,Negative,47.69%
Seq532|0,LPIIGRVRPGKPKQN,Negative,43.59%
Seq101|1,EPITHQKAAILDAD,Positive,68.58%
Seq353|0,ADPSIPGLTSTTCVA,Negative,71.76%
Seq393|1,GVNAFMQSSNIDYNM,Positive,85.53%
Seq1119|0,AESSESSGSGLSADR,Negative,69.44%
Seq379|1,IELLNAAETSESNE,Positive,84.25%
Seq980|0,FGKSQVRKVILTRRQ,Negative,79.09%
Seq231|0,VGQDSVVETMVAYKK,Negative,55.66%
Seq1139|0,AKSPLYVRGHDMLAE,Negative,76.39%
Seq1090|1,EEIRENDGDIWKTEA,Positive,76.75%
Seq770|1,VVSVNGGGAKDG,Positive,87.69%
Seq596|0,ENPFKSIFRKKRQDF,Positive,73.79%
Seq115|0,EERPVTTRPTKDSTE,Negative,58.24%
Seq645|0,NVSPQKVCVEQSSIF,Negative,45.37%
Seq283|0,SIGGETGPTISTSSN,Positive,76.45%
Seq526|0,AALGDSWDAVSDKEK,Negative,63.97%
Seq565|0,ATGTHNSSPPDEPAE,Negative,55.55%
Seq998|0,AFGEVTSAKVRDLGA,Negative,56.92%
Seq499|1,DNAGTNLYNELEMNYYGKQENWYSLKKNSRSLGENDDGNNN,Positive,95.75%
Seq703|0,GEKEEENVSEAAKEE,Negative,61.09%
Seq247|0,IEQPTFIEHAEIL,Positive,64.34%
Seq671|1,EESNLSTFKQKSE,Positive,87.8%
Seq768|1,DADDSGKKTIFGVDE,Negative,41.58%
Seq462|0,AEETETKEEQRTTAE,Negative,83.47%
Seq607|0,PYTSINDEDQRNAAS,Positive,70.41%
Seq560|1,CEANHYKPNARPN,Positive,85.22%
Seq491|0,YSMLIMLVALIVEPL,Negative,86.6%
Seq541|1,VVNYEFDRTEPLSAE,Positive,71.87%
Seq1015|1,EDIDGGDEEGGN,Positive,96.5%
Seq471|0,AGTDMVVVFLRRLRG,Negative,94.66%
Seq830|0,LQRERDAVAENSVLQ,Negative,67.03%
Seq757|1,RHKDEITKLDIETC,Positive,79.55%
Seq904|0,ALPATEPSPSDGSIP,Negative,49.68%
Seq959|1,ADQPGNHQALAEPV,Positive,67.71%
Seq773|1,YNNIENAMEGYSSNP,Positive,90.92%
Seq545|1,LMQKNGKSEVEIN,Positive,88.82%
Seq213|1,YDKICVENQYAYDLK,Positive,78.66%
Seq627|0,DIFRQLAMRVNGTTV,Negative,70.06%
Seq596|1,LKATAKKVLVEALKA,Negative,42.6%
Seq419|1,NISGTGEKAQQHRKQ,Positive,64.29%
Seq896|0,DEEEEKSNDKKEGEE,Negative,54.29%
Seq204|0,DEQVDNAAIGNPNED,Positive,82.23%
Seq1104|0,ALIFSISAPLGTAVG,Negative,81.66%
Seq893|1,NKDGVLHEKSDVNVP,Positive,64.76%
Seq789|1,APQARKQQGRDAPQA,Positive,75.91%
Seq345|1,AFNTEKTNVNNDALK,Positive,78.94%
Seq976|0,DGTGGVKEKVLSTSS,Negative,76.94%
Seq795|1,MDNILSGFENEYDVI,Positive,82.14%
Seq469|1,TPEIPQSDKVATDG,Positive,78.22%
Seq292|1,YINNMQDDAMDDIVYDEEEIKSFLDK,Positive,92.18%
Seq994|1,TPTDVQNSDRFAKQG,Positive,78.83%
Seq68|0,EETIESFSGLLMGTY,Negative,46.03%
Seq511|0,ALVQGAHDYNVDQEN,Positive,72.12%
Seq790|0,QGEEAAGRSVATKGI,Negative,52.61%
Seq830|1,GIEQLRPRELCGDLIV,Negative,83.34%
Seq182|0,EPSHDAEKPVATPTP,Negative,64.81%
Seq279|1,RIVFGASASDQPTQYEEEMTDYQ,Positive,87.05%
Seq582|1,MKEYFKKNYEKGLSL,Positive,78.2%
Seq966|0,PAVAEIGEQINVLS,Positive,71.68%
Seq1053|0,FFHGCPVADLSATSE,Negative,53.77%
Seq464|0,ADGNAGSGTSDGSQE,Negative,59.56%
Seq714|0,KQLLEGPPSFPLSSS,Negative,68.74%
Seq692|0,CGESRVELRNILTSS,Negative,62.52%
Seq640|0,ASSQEVGRTRPTEKE,Negative,68.31%
Seq373|1,SMMYVESANMQSPME,Positive,60.94%
Seq278|0,AVSTIHMIHPAAELL,Negative,79.89%
Seq948|1,PTITDEPIEEIF,Positive,76.18%
Seq669|0,ADSTPGEGLAATTTA,Negative,73.59%
Seq238|0,AGEYWVSWWITQLRR,Negative,82.24%
Seq690|1,PGGYETYDREVKSN,Positive,83.35%
Seq273|1,AQLGKYTGGAGSGA,Positive,80.31%
Seq684|0,FKPLLCGNDITSEDQ,Positive,73.93%
Seq490|1,PDHPKPIITAESM,Positive,66.29%
Seq119|0,EAPLADPPAKPTKGP,Negative,53.69%
Seq937|0,FILIFFSLFSAFKDA,Negative,65.51%
Seq586|1,DDLAKNNGKMG,Positive,93.35%
Seq649|1,DALKSINADAFGNLY,Negative,41.86%
Seq975|1,NGEYNIKYQDGAIAS,Positive,87.41%
Seq744|1,RIPTEMPMYNQ,Positive,79.24%
Seq332|0,HPIPTEAPAETTASA,Negative,55.45%
Seq755|0,GPIYIKSTGLTFIIL,Negative,65.13%
Seq192|1,DDDEDEEENEEDAEM,Positive,87.33%
Seq67|1,EIFYTESAKTEDVK,Positive,76.38%
Seq832|1,EEGNQDADEEDEGED,Positive,82.99%
Seq901|0,AAGVPKDIIVVRLKL,Negative,82.83%
Seq914|0,AGHAPSGGSESPPAP,Negative,58.95%
Seq426|1,EKLDERNGISEMHA,Positive,83.22%
Seq569|1,EDDEENDEEEDGSEE,Positive,84.01%
Seq744|0,ESSLQGQIGSGAGVT,Negative,53.8%
Seq950|1,KTNVEEKRSLTINKE,Positive,75.64%
Seq779|1,PPGEIGDVGEEGEVG,Positive,78.85%
Seq971|0,GNVVKPLKRPRTEGG,Negative,57.54%
Seq74|1,KKALYDKQYSEKLRN,Positive,74.41%
Seq6|0,AVEVSKADDSETTDV,Positive,60.4%
Seq527|1,GTSAFQVVAPLIEEG,Negative,53.96%
Seq1128|1,VMKKASHETLEDGEL,Positive,67.36%
Seq360|1,KSNETTSTQEDGNAE,Positive,70.05%
Seq1085|1,KQIGCDIDYAVEVSN,Positive,77.6%
Seq234|0,LAFLAAVQFGRLYQQ,Negative,88.0%
Seq723|0,KLYLSSGCNKTALTL,Negative,49.43%
Seq880|0,ALSLFCCSLMWRHHA,Negative,90.71%
Seq557|1,YEEVRRVLKAYVEDI,Negative,70.79%
Seq1008|1,GKNDSSGGEQSD,Positive,95.47%
Seq681|1,DSAEPTSAAAAAAPA,Positive,70.51%
Seq808|1,PQNGAAEDKKTEYLLEQIKIPSWDRNNIPDENE,Positive,92.05%
Seq530|0,AALKDRLEEHSREKS,Negative,87.56%
Seq737|0,AAEKSKEETPTAPEK,Negative,80.18%
Seq355|0,DYNEEDTAEESTIDT,Positive,78.5%
Seq857|0,EEGKQEELDKKGNEA,Negative,48.66%
Seq405|0,GGTPSKSAVEAVLKA,Negative,50.61%
Seq5|0,DQQPLESSPNSVPGS,Negative,62.69%
Seq403|1,KDAGTIAGLEVLRIINEPTAA,Positive,74.75%
Seq44|1,DMESWYKLKVQEIQ,Positive,68.79%
Seq28|1,PKQVEVTQLFKDIYNE,Positive,63.06%
Seq755|1,RIDECTCKQEIFLVA,Negative,42.67%
Seq1035|0,AVEECVHQGMESLRA,Negative,64.58%
Seq322|0,FNKQSGNATAAMGGS,Negative,42.05%
Seq505|0,AVPSSSAKMGNEFPK,Negative,54.22%
Seq247|1,DEIISSLSHDQR,Positive,75.09%
Seq1044|1,LMAGQEAHVYKYADR,Negative,61.18%
Seq811|1,ISVIESQEQIATEDF,Positive,67.41%
Seq742|0,EQHTSEQPQVKQEHG,Negative,56.83%
Seq102|0,AVGVVSGGDDNSLKE,Negative,50.26%
Seq496|1,EELLLPREVRSVYD,Negative,62.71%
Seq1079|0,IMQILPQWTSWALLV,Negative,80.44%
Seq737|1,CTECDTGYSLTSDYQCKAITT,Positive,82.55%
Seq882|0,SVVVISFHPLFVTK,Negative,61.61%
Seq948|0,FRLKAGTDMVVVFLR,Negative,87.53%
Seq538|0,TLGSDVVRRVLSHTY,Negative,80.71%
Seq693|1,NESEVVGLQDNTGY,Positive,90.36%
Seq614|1,KETDDDNNTKQRHL,Positive,90.96%
Seq486|0,GKKKGGNVQNVFFTS,Positive,82.46%
Seq503|0,GVPTNSSRTPHMTPG,Negative,59.68%
Seq424|1,VGKCPAGLAPNSGYG,Positive,67.92%
Seq633|1,NLHNTSADFSGNDVP,Positive,63.81%
Seq631|1,GCFCSSKGECTIERQ,Negative,44.72%
Seq253|1,AVNGNKESEKNNN,Positive,96.07%
Seq728|1,FSSTIDLDDPSN,Positive,86.41%
Seq1121|0,GNRVPNQQKEETETP,Negative,52.54%
Seq752|0,QREHREEPKDQQQKQ,Negative,41.75%
Seq174|1,SISGIHPESTQYELE,Positive,62.03%
Seq176|1,DDAQGGEEGGEESGE,Positive,60.22%
Seq598|0,IAGFISVFSSEI,Negative,46.18%
Seq635|0,DEEVEDEAKIRETTP,Negative,60.04%
Seq1064|1,FRGETKTFNPEEVSS,Positive,68.39%
Seq1014|1,ADTAALAALLEVLQH,Negative,86.82%
Seq475|1,NPHTKEKINEKIITD,Positive,80.3%
Seq211|1,AKQSEREDDEENDEE,Positive,61.75%
Seq472|0,RDAPIPPPHRGRAP,Positive,60.5%
Seq814|0,QHGHTVEDPREGDEG,Negative,59.46%
Seq662|1,CNQCKNNGKCDPVD,Positive,89.81%
Seq133|0,AEVVTRLATSRTSSP,Negative,74.64%
Seq262|0,EESPDTPPTPASAGA,Negative,53.68%
Seq761|1,EETKEELKATFPN,Positive,85.6%
Seq469|0,DGESSPTGPPAGESD,Negative,57.82%
Seq191|0,ADSEIQSPVVEQPQL,Negative,69.34%
Seq497|0,AATERNRNRVAEIEE,Negative,63.93%
Seq682|0,TCVDQFCPLGTYCE,Positive,70.53%
Seq190|0,ISKNDSDDAQSTVDE,Positive,80.36%
Seq806|1,KVSVADLTVFNML,Positive,64.54%
Seq932|1,KEEYEIIEKLVDAFS,Negative,41.11%
Seq514|1,NEESSIEEAHQEEIV,Negative,55.63%
Seq1038|1,VKENGAETQMKLSTD,Positive,62.21%
Seq623|0,GRNRGNNSIGNSGSP,Positive,88.31%
Seq38|1,LKKNDVLSDDEKKNE,Positive,89.08%
Seq205|0,AGASREEALSLGKVV,Negative,87.49%
Seq355|1,HNTNYDDILQKKIKG,Positive,84.28%
Seq492|1,NVKYTKQVNLMSTLS,Positive,70.12%
Seq931|0,DFRAVALWHERDAEH,Negative,61.45%
Seq1134|1,GAQIIDGTDKTL,Positive,82.18%
Seq509|1,AGSSGGSGMPGA,Positive,83.07%
Seq595|0,DMGGNGAVPMGGMEG,Positive,62.83%
Seq806|0,ELIHLKFDKDSDG,Positive,85.76%
Seq350|0,ACIMGWDKKLFDFFW,Negative,63.64%
Seq1007|1,SYSEVGNVNVEE,Positive,90.91%
Seq699|1,ASHAHKSHRKPKRSWNVYVG,Positive,66.44%
Seq256|0,ANDTGTPGDSDSSTA,Negative,53.85%
Seq704|1,NEEKKNEGEKDR,Positive,94.86%
Seq780|0,QKNPDLISGPMTTA,Positive,78.66%
Seq109|1,DKIRKDIEDEIKMK,Positive,83.95%
Seq987|1,AGNMMGKDIYEKG,Positive,86.96%
Seq791|1,PTSAAAAAAPAGPTA,Negative,42.97%
Seq647|1,ALLENGVTDEKAQ,Positive,85.48%
Seq721|0,DVMWNVKIIIHAVVV,Negative,71.12%
Seq604|1,NKEKEKFIKSLFHIF,Positive,68.44%
Seq657|1,NRITKKEDFLFLINA,Positive,72.24%
Seq739|0,AFMLKSLKSRGLLTD,Negative,70.76%
Seq644|0,NSILKALRGDSGVVE,Positive,60.95%
Seq511|1,GVYSNRDCGDLNHAV,Positive,60.74%
Seq845|1,MQKYAIFNSVTSNTD,Positive,81.83%
Seq260|0,CQRRLLGFVGRRCVE,Negative,93.5%
Seq709|0,EATKPEATKPEETPK,Negative,69.7%
Seq214|1,AFFKKDGNPSPADAV,Positive,76.55%
Seq695|0,TFGSEMVGNMRGPRR,Negative,57.37%
Seq474|1,NSVNGNNESSD,Positive,96.26%
Seq416|1,LICEDNIDGNNIFPA,Positive,87.55%
Seq338|1,SEASYSDATVLVVQK,Negative,60.81%
Seq195|1,LGKQVKKAVVTVPAYFNDSQ,Positive,76.23%
Seq772|1,PTVIHGEAQKSVIQS,Negative,64.23%
Seq610|0,EEKGLKERLKEKDVY,Negative,62.59%
Seq885|0,ARFLARSDVIRRQWG,Negative,84.42%
Seq849|0,AEKESSQNITKVKKE,Negative,47.18%
Seq392|0,ANMFFSFQTSEDDSS,Positive,75.72%
Seq967|1,MFDLRNETFSRN,Positive,83.82%
Seq902|1,ATNQYGSGEEPP,Positive,90.21%
Seq718|1,DGDGYINNSEAVAMA,Positive,72.02%
Seq587|0,TTTVAAASAPAYRFS,Negative,52.68%
Seq1138|0,PSPVVSAEDRGTPES,Negative,59.77%
Seq626|0,VQYRGEEKTFTPEEISSMVL,Positive,62.92%
Seq151|0,AIQPMELDAIFKRFD,Negative,49.59%
Seq593|1,AQRIQDELYFAKYD,Positive,74.3%
Seq539|0,LVYPVQVTNKRKQVF,Negative,53.19%
Seq1097|0,DEEQPQLPKVQKEKI,Negative,54.44%
Seq911|0,NTTSTQAPTARPHPI,Negative,60.43%
Seq58|0,GIGAGNPLLQGFLSA,Negative,42.85%
Seq763|1,PVSQGWSPYPPSNSF,Negative,41.87%
Seq841|0,CLYYKLSQDANKMQ,Positive,76.79%
Seq298|0,AFPEWAQVAFSGVTH,Negative,66.83%
Seq959|0,ARRILRPLLSALAFL,Negative,92.23%
Seq1132|1,VAKKDDKDKEGFQ,Positive,90.46%
Seq1068|1,NHVVDISNKKNKINL,Positive,83.49%
Seq1092|0,AAAALQAEEEDEKFR,Negative,80.81%
Seq816|0,GLHKAADLGVIPGPS,Negative,72.51%
Seq356|1,QKNVNTNSEQENNE,Positive,95.74%
Seq808|0,GSSSPSGVDSSSSIG,Negative,58.89%
Seq418|1,LMIKEHILAIAIYESRILKR,Negative,54.82%
Seq578|1,EEVELYSFEDDEEDE,Positive,86.87%
Seq940|0,GGPTDVWTGIGMRLS,Negative,66.26%
Seq1133|1,KEAVEKDIEETKVSK,Positive,65.44%
Seq198|0,LILLLCCAWCEKPGV,Negative,87.6%
Seq791|0,EELPVTKQNESEVEG,Negative,54.7%
Seq984|1,KSDKDHCQDVVGL,Positive,81.37%
Seq796|1,ANQAITSENSIKPKG,Positive,70.52%
Seq883|0,LPHQQEQQEKEGTLS,Negative,60.59%
Seq663|0,RVKQAFARQLEAFHG,Negative,50.46%
Seq522|1,SGGSVTSGGSVTSGG,Negative,49.92%
Seq646|1,VSTINLQKVEIVDE,Positive,73.55%
Seq889|1,FLYESFEQAQNLDAK,Positive,74.67%
Seq176|0,QEVPESLLSIKREVY,Negative,59.22%
Seq152|0,ITLPKHGPSFSMRQR,Negative,64.63%
Seq1117|1,VDTSDSSETDDSEDY,Positive,84.75%
Seq45|1,EEKKQEAPVEESA,Positive,84.67%
Seq383|1,KHYDSNESNLRMAI,Positive,79.27%
Seq435|1,DDSRDVYAFFFPGE,Positive,73.83%
Seq1005|0,AAKWSGEEADEAAGG,Negative,77.26%
Seq855|0,RKVFFVEFFAS,Negative,40.62%
Seq801|1,RMPGAEPVMNDS,Positive,84.98%
Seq37|0,VPVSENFLSEFPVSV,Negative,53.48%
Seq310|1,PLSLPNPYQLDAAF,Positive,61.79%
Seq943|0,ATGLSPAFSDRGASI,Negative,71.55%
Seq722|1,AMARRQDDMEPKE,Positive,80.87%
Seq468|1,INESSMKQASLISNVM,Negative,46.0%
Seq935|1,LNVSREVLQESRILRVIKKK,Negative,40.32%
Seq305|1,GNVDGDSNNYNDFA,Positive,95.79%
Seq449|1,EGTTQGLDDLN,Positive,93.36%
Seq1056|0,FSSQICWSSANCTAL,Negative,53.56%
Seq185|0,TDADVLKYQQQAI,Positive,77.7%
Seq410|0,RKMVLPPSRGE,Positive,67.53%
Seq481|1,FNSVTSNTDPIGVAL,Positive,64.86%
Seq414|1,AKIKYLDKLYDEVLT,Positive,60.92%
Seq891|1,CESQFDFNIKFKE,Positive,86.53%
Seq917|0,GWLHPEERERYRRGA,Negative,79.79%
Seq303|1,TRQTSQEPTPVS,Positive,77.12%
Seq571|1,HTLETVNISDVNDFQISKY,Positive,80.78%
Seq487|1,KALASTMQITNLDI,Positive,68.63%
Seq925|0,ANDSPRAPLDEPPLT,Negative,72.58%
Seq503|1,IDGGVFFEDGTRR,Positive,79.79%
Seq143|0,AKKLREETPTAPEKK,Negative,71.66%
Seq390|0,APPIVVLVDEGGFWL,Negative,78.56%
Seq487|0,ASGAVQKKIEPCERC,Positive,62.17%
Seq1116|1,SKQIDQEIFYTESAK,Positive,76.15%
Seq921|1,KVDYFIKNSDGSRGF,Positive,81.66%
Seq955|0,AAPQPTEQATLNTSS,Negative,72.94%
Seq387|0,KNVNRDRQSTPKRNN,Positive,82.65%
Seq550|0,APTPGDGSSLGGPLW,Negative,56.0%
Seq1067|1,NSEDDDTFHDA,Positive,95.03%
Seq364|0,ESGNESRKEDSALTT,Positive,61.56%
Seq854|0,ESHEDLEGSDTHPAP,Negative,42.04%
Seq1070|1,PVRDPRQVPGRGE,Positive,75.31%
Seq874|1,NPNANPNANPNANPNANPNANPNA,Positive,96.82%
Seq276|1,LENTGFKNEKIVDVT,Positive,75.75%
Seq83|0,ADTETMRVVKGETSS,Negative,66.95%
Seq234|1,IKRPLAPPQPRKKA,Positive,63.63%
Seq1058|0,LQLNSAEENEKKLKG,Negative,48.65%
Seq130|1,LTDQDGSKLYGSS,Positive,85.72%
Seq85|1,QPAKTLQQYVAC,Positive,70.11%
Seq898|1,SSRGTSSNSKHLTD,Positive,77.52%
Seq133|1,NSWGTDWGENGTFRI,Positive,74.89%
Seq245|0,ASPTTSPLLLLLLVV,Negative,89.25%
Seq24|0,APMCILEGNLVVGPS,Negative,76.13%
Seq1026|1,DYKYNDNETDSGDK,Positive,95.37%
Seq751|1,CALRQVGIIDKEE,Positive,70.46%
Seq646|0,APTASENAPQTVKTV,Negative,47.24%
Seq708|0,ASDSHEEEAEEKETE,Negative,72.38%
Seq533|1,KTVPPRKKDSEISNSV,Negative,50.48%
Seq331|0,SLLTKDRFKQLQFFI,Negative,53.42%
Seq562|0,GNKDDGAKETPIKTT,Negative,46.07%
Seq306|0,VALVQLQGAKSARA,Positive,60.08%
Seq34|1,PLPSDHIYHHTS,Positive,62.71%
Seq550|1,PTKSELLPFLDQNSE,Positive,73.47%
Seq365|1,TDDENSNTKIPYLK,Positive,87.92%
Seq619|1,YLHEVAEGKLPINHA,Negative,46.36%
Seq1089|0,LPVVPIFETDCKGKR,Negative,49.27%
Seq195|0,QRCSGCRTATSATGM,Negative,47.84%
Seq940|1,VTTNARFEFTSTSVA,Positive,65.24%
Seq730|0,AMRASSSVAVGEGGD,Negative,63.8%
Seq154|1,ITEVTEEWGTESAI,Positive,69.82%
Seq197|0,EEGISSDDPTADGAG,Negative,67.7%
Seq181|1,ILLNKDLREDVPNIN,Positive,81.07%
Seq401|1,RGSAKDIWAEVHE,Positive,72.43%
Seq322|1,KRNYKNLTEFLENTE,Positive,86.62%
Seq968|1,TQLLPPPLPENP,Positive,78.03%
Seq225|0,IPAEAAATTNNTAMP,Positive,67.04%
Seq974|1,YNCTLYVDDDVSTNK,Positive,81.29%
Seq468|0,ASSNNDVVSNNSEES,Positive,89.64%
Seq402|1,EVPYEERKFWATI,Positive,66.42%
Seq986|0,ALYRLFHRLQHSSQP,Negative,92.07%
Seq782|0,AFSRSTSVAVNFATD,Negative,61.48%
Seq280|1,IIPEEGQEESVR,Positive,80.28%
Seq400|1,DDEDLDEFKPIVQYDNFQD,Positive,91.33%
Seq199|0,GRRHWRHQRYAAAAA,Negative,84.62%
Seq1047|1,DNEILQIVDELSEDITKYFMKL,Positive,81.48%
Seq310|0,GVNPDEAVALGAATL,Negative,66.52%
Seq351|1,TTVDEETEKAFQ,Positive,87.28%
Seq1064|0,FGRGITEPHAESQTS,Negative,54.44%
Seq53|1,VDKIEEHILDYDEEINKSRSNLFQLKNEICSLTTEVMELNNKKNELIEENNKLNLVDQGKKKLKKDVEKQKKEIEKL,Positive,89.31%
Seq1017|1,LFVALPCASQEFDYE,Negative,51.31%
Seq119|1,TQKNENDSWADFEA,Positive,90.79%
Seq886|1,EEKQNEQKLKDQIKI,Positive,81.81%
Seq927|1,AIDTSKKALKVVDR,Positive,61.62%
Seq249|0,ADDRSGGSTSSVGAT,Negative,83.49%
Seq769|1,ADRDAAALMATDELT,Negative,75.61%
Seq2|1,NAGPDTNGSQFFLC,Positive,83.83%
Seq295|0,EPESEITTTEGPSNT,Positive,71.38%
Seq548|0,GMSGMMSFYLKG,Positive,68.76%
Seq1110|0,MSNVIHVAGLDVMRG,Negative,72.07%
Seq155|0,LQVLRAGGNRIVSTI,Negative,80.34%
Seq48|1,YNESEHREMPVQ,Positive,83.68%
Seq475|0,EQPAEAEEDGSLLEE,Negative,51.3%
Seq1131|1,NNNIHNINENQNANV,Positive,95.03%
Seq388|1,ARLSANQEEAA,Positive,82.91%
Seq668|0,ENLTENAPATNQAEK,Negative,68.07%
Seq467|1,FEKNEGSKDESNE,Positive,94.82%
Seq685|1,KVSGAVPEGEEYPTE,Positive,66.62%
Seq570|0,APSTGSKSPSGSLET,Negative,48.36%
Seq532|1,DIQIDNDHTIEDIEN,Positive,90.32%
Seq63|1,SLSGWRTYENNMEQ,Positive,80.92%
Seq942|0,EGRNRLTRGPPVEDT,Negative,71.24%
Seq366|0,IQQMDENEKREVGIL,Positive,75.95%
Seq47|0,TNLKGTKTEIEIEPK,Positive,76.72%
Seq747|1,SFPITTTDNTDNKNY,Positive,86.91%
Seq601|0,KYRRNRFKIWKTFCY,Negative,54.8%
Seq592|1,EGENAPGEDDAQGGE,Positive,79.51%
Seq2|0,LSFSIVSTFAMGSIK,Negative,67.39%
Seq775|1,EEEEEEDNEKQQQSD,Positive,60.4%
Seq230|1,VPVTTMDNIWKKNET,Positive,68.1%
Seq4|1,GYSPENQREGVGENI,Positive,80.03%
Seq929|0,EQIVKHGRHGLTAFF,Negative,65.12%
Seq288|1,SAPNEPDVNTTHTAV,Positive,66.59%
Seq978|1,LIYDAAVEGDLLFKL,Negative,56.11%
Seq422|0,PRRPVIRRVTDAERR,Negative,73.74%
Seq1120|0,RRRRYAIIFFENAAA,Negative,76.62%
Seq10|1,DSDLQLERINVYFDE,Positive,80.85%
Seq742|1,AKRGKDGKPGPR,Positive,86.06%
Seq697|1,DISIKAGANGSFA,Positive,82.5%
Seq215|0,CQLRMQTIEEKLAEP,Negative,62.88%
Seq722|0,CDVVVPAAYGLVSDR,Negative,90.01%
Seq276|0,DDSSGATGLPGAAVS,Negative,83.97%
Seq517|1,ADSGGVRQTPSETGSSGGQQ,Positive,77.72%
Seq33|1,PEHKKEENMLSHLYVSSKDKENISKENE,Positive,89.32%
Seq992|0,AVEELDEKESPLAKE,Negative,57.18%
Seq845|0,AAAGPVQAQNYGTRV,Negative,73.37%
Seq972|1,TNEYHQNDNESNDLE,Positive,94.3%
Seq306|1,EEFEKLVIEKGESKI,Positive,71.36%
Seq769|0,PMLPPMRNPAAPGGR,Negative,53.48%
Seq486|1,EIAAEVAKAKVAK,Positive,74.58%
Seq623|1,SSDSNTKTYADLKHR,Positive,75.31%
Seq704|0,GKENEEREEVKHAFR,Negative,62.34%
Seq993|0,AGAGTPSLPASGPGV,Negative,62.35%
Seq899|1,KDPKFYIRRMNNE,Positive,85.18%
Seq329|0,ESTKQQTQSDHEHKD,Positive,68.46%
Seq901|1,LNKICSLVLKTIKNK,Positive,64.96%
Seq741|0,APRGVLLLGYHNVGG,Negative,82.48%
Seq911|1,PMPFVRKFGAAAVA,Negative,40.66%
Seq536|0,KRSRNRSMSGPPFVL,Negative,63.38%
Seq939|0,DMTRLSVAAVVIHPS,Negative,91.08%
Seq878|1,DYEFDDVNEYND,Positive,95.58%
Seq912|1,NIQQQYPNINEAMLQ,Positive,82.78%
Seq592|0,DDKKGSGDSEDKKGI,Positive,82.14%
Seq834|1,ENLNLEGNQVSNDG,Positive,94.44%
Seq947|0,ELPQAWHDWFCNVEL,Negative,43.37%
Seq100|0,ADYKLVDSEIVKTA,Positive,68.54%
Seq1072|1,SAKNFYNISNENGDN,Positive,94.47%
Seq226|0,ELFVNGIEYCNAYSE,Positive,78.19%
Seq87|1,DDVEENKNQNND,Positive,96.96%
Seq582|0,AAPEPVKPPQTDSVN,Negative,59.85%
Seq673|0,EEHHTDGVPDADMVL,Negative,57.57%
Seq226|1,PKVQSLVSDFFGGKELNKSI,Positive,81.64%
Seq308|0,NVTDVEELAHHK,Positive,81.56%
Seq702|1,VLQYGRLIDDFIVVA,Negative,79.09%
Seq580|1,ACPKENLKMIRERVN,Negative,48.5%
Seq928|0,ASPVNSGQESAVSTI,Negative,42.95%
Seq785|1,VTDKDDFQDIITDED,Positive,87.37%
Seq989|0,AQEGMIATQQDGLAL,Negative,41.12%
Seq284|1,DKEEEEEDEEEDEEE,Positive,63.85%
Seq771|1,SGASNGNSSNEQQ,Positive,95.3%
Seq575|0,DPQLVVAEVEEVLST,Negative,80.05%
Seq428|1,AADTDSAKGKATGGS,Negative,68.82%
Seq745|0,AAPVPKEMEGAAGAG,Negative,57.18%
